{"mode": "global", "data": {"features": {"global": {"m": [2.024351662294285, 5.3123904155791974, 49.099073181525036], "s": [1.6190264446004232, 1.6109326883089266, 23.98766467521857]}}, "target": {"global": {"m": [49.099073181525036], "s": [23.98766467521857]}}}}