{"mode": "global", "data": {"features": {"global": {"m": [1.974531606100142, 5.354635021671281, 49.14356981626576], "s": [1.5870862862264532, 1.531063792966816, 23.913797140343576]}}, "target": {"global": {"m": [49.14356981626576], "s": [23.913797140343576]}}}}