{"mode": "global", "data": {"features": {"global": {"m": [2.0297240969432164, 5.318881409760355, 49.20286192831758], "s": [1.6152852119173642, 1.5973477309181705, 23.908877426454815]}}, "target": {"global": {"m": [49.20286192831758], "s": [23.908877426454815]}}}}