{"mode": "global", "data": {"features": {"global": {"m": [2.0079800593934234, 5.296609959200275, 48.213124939967344], "s": [1.6243491090999393, 1.6208366089258215, 23.88901270000153]}}, "target": {"global": {"m": [48.213124939967344], "s": [23.88901270000153]}}}}