{"mode": "global", "data": {"features": {"global": {"m": [1.9455017409177364, 5.250652319800074, 48.272390894932556], "s": [1.6201852956239573, 1.6162785685801973, 24.190194725983726]}}, "target": {"global": {"m": [48.272390894932556], "s": [24.190194725983726]}}}}