{"mode": "global", "data": {"features": {"global": {"m": [1.956549738849674, 5.253774957661645, 48.402990226683315], "s": [1.62584429960842, 1.6186602695329546, 24.21888794703111]}}, "target": {"global": {"m": [48.402990226683315], "s": [24.21888794703111]}}}}