{"mode": "global", "data": {"features": {"global": {"m": [2.029807473992009, 5.321828869570593, 49.21377929593699], "s": [1.6150689534252998, 1.5954009053748899, 23.905873597198436]}}, "target": {"global": {"m": [49.21377929593699], "s": [23.905873597198436]}}}}