{"mode": "global", "data": {"features": {"global": {"m": [1.948249558812706, 5.270908264113452, 48.34723489578331], "s": [1.6142479917783068, 1.6226263324671826, 24.200040076368456]}}, "target": {"global": {"m": [48.34723489578331], "s": [24.200040076368456]}}}}