{"mode": "global", "data": {"features": {"global": {"m": [2.0223812857929535, 5.3112797005929995, 48.9298111029543], "s": [1.619393833472565, 1.6091020527159194, 24.02056148715274]}}, "target": {"global": {"m": [48.9298111029543], "s": [24.02056148715274]}}}}