{"mode": "global", "data": {"features": {"global": {"m": [1.98772096910585, 5.352487114451012, 48.815444173058715], "s": [1.6102912351217051, 1.559941547572407, 24.098429120037675]}}, "target": {"global": {"m": [48.815444173058715], "s": [24.098429120037675]}}}}