{"mode": "global", "data": {"features": {"global": {"m": [2.0012646062702526, 5.287187515630061, 48.21049165031491], "s": [1.6303324572947513, 1.6312344229501043, 24.020483089357047]}}, "target": {"global": {"m": [48.21049165031491], "s": [24.020483089357047]}}}}