{"mode": "global", "data": {"features": {"global": {"m": [1.9810746892978819, 5.34126225689226, 49.04418274970155], "s": [1.6053185874184135, 1.5638047421297159, 23.992230620664035]}}, "target": {"global": {"m": [49.04418274970155], "s": [23.992230620664035]}}}}