{"mode": "global", "data": {"features": {"global": {"m": [2.026353038498833, 5.317653953246957, 49.246445637855565], "s": [1.6176349628102054, 1.6009702144620872, 23.869234284997944]}}, "target": {"global": {"m": [49.246445637855565], "s": [23.869234284997944]}}}}