{"mode": "global", "data": {"features": {"global": {"m": [1.9406041738543716, 5.239907744543343, 48.26805182019018], "s": [1.620449363920591, 1.6105276826894033, 24.18193082981498]}}, "target": {"global": {"m": [48.26805182019018], "s": [24.18193082981498]}}}}