{
    "normalization_type": "global",
    "features": {
        "mean": [
            1.9583221570717289,
            5.327074866645143,
            48.99349203109349
        ],
        "std": [
            1.5881010850797985,
            1.5740243880881848,
            23.99338078265648
        ]
    },
    "target": {
        "mean": [
            48.99349203109349
        ],
        "std": [
            23.99338078265648
        ]
    }
}