{"mode": "global", "data": {"features": {"global": {"m": [1.9881481397651715, 5.349640715123677, 48.9580350281982], "s": [1.611765046390811, 1.5607279663239342, 24.05746671741881]}}, "target": {"global": {"m": [48.9580350281982], "s": [24.05746671741881]}}}}