{"mode": "global", "data": {"features": {"global": {"m": [2.00734603734353, 5.293365194391609, 48.08516490113479], "s": [1.6274522830528284, 1.6300053526042715, 23.91657302327963]}}, "target": {"global": {"m": [48.08516490113479], "s": [23.91657302327963]}}}}