{"mode": "global", "data": {"features": {"global": {"m": [2.009944558509405, 5.290824707196692, 48.313138490195804], "s": [1.6270616158252336, 1.630950537359735, 24.035485303115372]}}, "target": {"global": {"m": [48.313138490195804], "s": [24.035485303115372]}}}}