{"mode": "global", "data": {"features": {"global": {"m": [1.984675349412282, 5.327484237806977, 48.78818462958135], "s": [1.6230056752672422, 1.59588406765352, 24.148553306635712]}}, "target": {"global": {"m": [48.78818462958135], "s": [24.148553306635712]}}}}