{"mode": "global", "data": {"features": {"global": {"m": [1.9945083349049904, 5.279821116422647, 47.937858051923094], "s": [1.6312680037715654, 1.6304613664733802, 23.894097647254366]}}, "target": {"global": {"m": [47.937858051923094], "s": [23.894097647254366]}}}}