{"mode": "global", "data": {"features": {"global": {"m": [2.030596952136188, 5.3161264974159, 49.17745653635578], "s": [1.6145688025024383, 1.6000744391040151, 23.91586929048737]}}, "target": {"global": {"m": [49.17745653635578], "s": [23.91586929048737]}}}}