{"mode": "global", "data": {"features": {"global": {"m": [1.9489370574545495, 5.320337381908806, 48.946859948955094], "s": [1.5817680350648013, 1.593072196311916, 24.062019509863916]}}, "target": {"global": {"m": [48.946859948955094], "s": [24.062019509863916]}}}}