{"mode": "global", "data": {"features": {"global": {"m": [1.9748470936222602, 5.336895945917875, 48.8573611187343], "s": [1.606486870348222, 1.5820880637902095, 24.082638397627917]}}, "target": {"global": {"m": [48.8573611187343], "s": [24.082638397627917]}}}}