{"mode": "global", "data": {"features": {"global": {"m": [1.9443374046323048, 5.2484309224843635, 48.29238219877327], "s": [1.6218379912679697, 1.615698802207471, 24.187800837087117]}}, "target": {"global": {"m": [48.29238219877327], "s": [24.187800837087117]}}}}