{"mode": "global", "data": {"features": {"global": {"m": [1.9559142205063127, 5.254244448539985, 48.41639165992014], "s": [1.623912115805105, 1.6183301288031327, 24.229175500135053]}}, "target": {"global": {"m": [48.41639165992014], "s": [24.229175500135053]}}}}