{"mode": "global", "data": {"features": {"global": {"m": [1.9356149886448855, 5.237739223822997, 48.11758596676592], "s": [1.6124258832229574, 1.6081519575798118, 24.13767161600733]}}, "target": {"global": {"m": [48.11758596676592], "s": [24.13767161600733]}}}}