{"mode": "global", "data": {"features": {"global": {"m": [2.008541582438787, 5.300541786390504, 48.75191975863441], "s": [1.6233688113415172, 1.616438894445179, 24.05761037070993]}}, "target": {"global": {"m": [48.75191975863441], "s": [24.05761037070993]}}}}