{"mode": "global", "data": {"features": {"global": {"m": [1.99959917926602, 5.285057228819683, 48.1314097726306], "s": [1.627089810833021, 1.630147902051612, 23.92730001453669]}}, "target": {"global": {"m": [48.1314097726306], "s": [23.92730001453669]}}}}