{"mode": "global", "data": {"features": {"global": {"m": [2.0289688912077266, 5.316944579508034, 49.13760600052143], "s": [1.6158836868082087, 1.603409450066464, 23.962312356715184]}}, "target": {"global": {"m": [49.13760600052143], "s": [23.962312356715184]}}}}