{"mode": "global", "data": {"features": {"global": {"m": [1.9504613546446574, 5.251754220255697, 48.380295738024344], "s": [1.622609207644362, 1.617200352194457, 24.20747851732393]}}, "target": {"global": {"m": [48.380295738024344], "s": [24.20747851732393]}}}}