{"mode": "global", "data": {"features": {"global": {"m": [1.950709388743397, 5.267199854645365, 48.32573548581857], "s": [1.6189685552174728, 1.6236710210974241, 24.217247771393595]}}, "target": {"global": {"m": [48.32573548581857], "s": [24.217247771393595]}}}}