{"mode": "global", "data": {"features": {"global": {"m": [1.955145938258659, 5.325731352647149, 48.84857619687968], "s": [1.5949898779378944, 1.5841936670077559, 24.09353050583981]}}, "target": {"global": {"m": [48.84857619687968], "s": [24.09353050583981]}}}}