{"mode": "global", "data": {"features": {"global": {"m": [1.958563766390858, 5.3313969242254045, 49.03123241900737], "s": [1.5854946655067244, 1.5745331352047198, 24.0242614319432]}}, "target": {"global": {"m": [49.03123241900737], "s": [24.0242614319432]}}}}