{"mode": "global", "data": {"features": {"global": {"m": [1.995960545265794, 5.283846786180819, 47.98035774318372], "s": [1.6309808323634867, 1.6305002756033529, 23.76312002697056]}}, "target": {"global": {"m": [47.98035774318372], "s": [23.76312002697056]}}}}