{"mode": "global", "data": {"features": {"global": {"m": [1.9991310605102477, 5.300074137442548, 48.804470203219125], "s": [1.623604246285393, 1.616252496085363, 24.109952232231514]}}, "target": {"global": {"m": [48.804470203219125], "s": [24.109952232231514]}}}}